	{	
		"member": "Автошкола",
		"blip": [498,74],
		"rank": ["Охранник","Методист", "Инструктор", "Экзаменатор","Директор", "Управляющий"],
		"spawn": [-293.4530029296875, 281.610595703125, 89.88685607910156],
		"salary": [2000, 3500, 4500, 6000, 9000, 12000],
		"color": [66, 170, 255,255]
	}