{
	"member": "Новости",
	"rank": ["Стажёр", "Репортер", "Ведущий", "Редактор", "Гл.Редактор"],
	"spawn": [-600.9934692382812, -930.153564453125, 23.8647518157959],
	"salary": [1000, 2000, 3000, 4000, 5000],
	"color": [255,165,0,255],
	"phone": 111,
	"smsPrice": 200,
	"adPrice": 200
}