{
	"member": "Тюрьма",
	"rank": ["Охранник","Ст.Охранник", "Начальник охраны", "Начальник тюрьмы"],
	"spawn": [1818.7288818359375, 2594.0595703125, 45.71704864501953],
	"salary": [3000, 4500, 8200, 12500], 
	"color": [128,0,128,255]
}