{
	"member": "Русская мафия",
	"blip": [310,40],
	"rank": ["Шнырь", "Басяк ", "Фраер", "Жиган", "Смотрящий ", "Вор в законе", "Авторитет"],
	"spawn": [-1366.0091552734375, 56.86726760864258, 54.09849166870117],
	"salary": [1000, 2000, 3000, 4000, 5000, 6000, 7000],
	"defaultWeapons": [
		["WEAPON_KNUCKLEDUSTER", 0]
	],
	"color": [77, 77, 77,255]
}